Symbol,Security,GICS Sector,GICS Sub-Industry,Headquarters Location,Date added,CIK,Founded,correlation_with_spy
A,Agilent Technologies,Health Care,Health Care Equipment,"Santa Clara, California",2000-06-05,1090872,1999,0.9650765471904295
AAPL,Apple Inc.,Information Technology,"Technology Hardware, Storage & Peripherals","Cupertino, California",1982-11-30,320193,1977,0.9615936667386322
ABT,Abbott,Health Care,Health Care Equipment,"North Chicago, Illinois",1957-03-04,1800,1888,0.984376495245335
ACN,Accenture,Information Technology,IT Consulting & Other Services,"Dublin, Ireland",2011-07-06,1467373,1989,0.9908819720726275
ADBE,Adobe Inc.,Information Technology,Application Software,"San Jose, California",1997-05-05,796343,1982,0.9585786237812003
ADI,Analog Devices,Information Technology,Semiconductors,"Wilmington, Massachusetts",1999-10-12,6281,1965,0.9800989650977804
ADM,ADM,Consumer Staples,Agricultural Products & Services,"Chicago, Illinois",1957-03-04,7084,1902,0.9196794404822836
ADP,ADP,Industrials,Human Resource & Employment Services,"Roseland, New Jersey",1981-03-31,8670,1949,0.9849906477986062
ADSK,Autodesk,Information Technology,Application Software,"San Francisco, California",1989-12-01,769397,1982,0.9569168075512561
AEE,Ameren,Utilities,Multi-Utilities,"St. Louis, Missouri",1991-09-19,1002910,1902,0.9742523634322866
AEP,American Electric Power,Utilities,Electric Utilities,"Columbus, Ohio",1957-03-04,4904,1906,0.9645854009441396
AES,AES Corporation,Utilities,Independent Power Producers & Energy Traders,"Arlington, Virginia",1998-10-02,874761,1981,0.45771627336299736
AFL,Aflac,Financials,Life & Health Insurance,"Columbus, Georgia",1999-05-28,4977,1955,0.9600278564573506
AIG,American International Group,Financials,Property & Casualty Insurance,"New York City, New York",1980-03-31,5272,1919,-0.5319273248307014
AIZ,Assurant,Financials,Multi-line Insurance,"Atlanta, Georgia",2007-04-10,1267238,1892,0.961930865994878
AKAM,Akamai,Information Technology,Internet Services & Infrastructure,"Cambridge, Massachusetts",2007-07-12,1086222,1998,0.629863649551742
ALL,Allstate,Financials,Property & Casualty Insurance,"Northbrook, Illinois",1995-07-13,899051,1931,0.969933188178961
AMAT,Applied Materials,Information Technology,Semiconductor Materials & Equipment,"Santa Clara, California",1995-03-16,6951,1967,0.9339030233260719
AMGN,Amgen,Health Care,Biotechnology,"Thousand Oaks, California",1992-01-02,318154,1980,0.9680982731494399
AMP,Ameriprise Financial,Financials,Asset Management & Custody Banks,"Minneapolis, Minnesota",2005-10-03,820027,1894,0.9726195902249443
AMT,American Tower,Real Estate,Telecom Tower REITs,"Boston, Massachusetts",2007-11-19,1053507,1995,0.9662872242252747
AMZN,Amazon,Consumer Discretionary,Broadline Retail,"Seattle, Washington",2005-11-18,1018724,1994,0.9563427569632394
AON,Aon,Financials,Insurance Brokers,"London, UK",1996-04-23,315293,1982 (1919),0.9871410053275912
APA,APA Corporation,Energy,Oil & Gas Exploration & Production,"Houston, Texas",1997-07-28,1841666,1954,-0.31886374303817244
APD,Air Products and Chemicals,Materials,Industrial Gases,"Allentown, Pennsylvania",1985-04-30,2969,1940,0.9786387885357714
APH,Amphenol,Information Technology,Electronic Components,"Wallingford, Connecticut",2008-09-30,820313,1932,0.9926526845990864
AVB,AvalonBay Communities,Real Estate,Multi-Family Residential REITs,"Arlington, Virginia",2007-01-10,915912,1978,0.9113595477055313
AVY,Avery Dennison,Materials,Paper & Plastic Packaging Products & Materials,"Mentor, Ohio",1987-12-31,8818,1990,0.9705416293351707
AXP,American Express,Financials,Consumer Finance,"New York City, New York",1976-06-30,4962,1850,0.9800547713128528
AZO,AutoZone,Consumer Discretionary,Automotive Retail,"Memphis, Tennessee",1997-01-02,866787,1979,0.9513799769306973
BA,Boeing,Industrials,Aerospace & Defense,"Arlington, Virginia",1957-03-04,12927,1916,0.7727883670262287
BAC,Bank of America,Financials,Diversified Banks,"Charlotte, North Carolina",1976-06-30,70858,1998 (1923 / 1874),0.5192676950725431
BALL,Ball Corporation,Materials,"Metal, Glass & Plastic Containers","Broomfield, Colorado",1984-10-31,9389,1880,0.9414750983243839
BAX,Baxter International,Health Care,Health Care Equipment,"Deerfield, Illinois",1972-09-30,10456,1931,0.8676047194544267
BBWI,"Bath & Body Works, Inc.",Consumer Discretionary,Specialty Stores,"Columbus, Ohio",1983-09-30,701985,1963,0.6980830290053405
BBY,Best Buy,Consumer Discretionary,Computer & Electronics Retail,"Richfield, Minnesota",1999-06-29,764478,1966,0.9225568516714916
BDX,Becton Dickinson,Health Care,Health Care Equipment,"Franklin Lakes, New Jersey",1972-09-30,10795,1897,0.951716021598099
BEN,Franklin Templeton,Financials,Asset Management & Custody Banks,"San Mateo, California",1998-04-30,38777,1947,0.4783071727769505
BF.B,Brown–Forman,Consumer Staples,Distillers & Vintners,"Louisville, Kentucky",1982-10-31,14693,1870,0.0
BIIB,Biogen,Health Care,Biotechnology,"Cambridge, Massachusetts",2003-11-13,875045,1978,0.7318696753965342
BK,BNY Mellon,Financials,Asset Management & Custody Banks,"New York City, New York",1995-03-31,1390777,1784,0.8635888784741663
BKNG,Booking Holdings,Consumer Discretionary,"Hotels, Resorts & Cruise Lines","Norwalk, Connecticut",2009-11-06,1075531,1996,0.9392061518676597
BLK,BlackRock,Financials,Asset Management & Custody Banks,"New York City, New York",2011-04-04,1364742,1988,0.9824762689751781
BMY,Bristol Myers Squibb,Health Care,Pharmaceuticals,"New York City, New York",1957-03-04,14272,1989 (1887),0.9046434940676954
BRK.B,Berkshire Hathaway,Financials,Multi-Sector Holdings,"Omaha, Nebraska",2010-02-16,1067983,1839,0.0
BSX,Boston Scientific,Health Care,Health Care Equipment,"Marlborough, Massachusetts",1995-02-24,885725,1979,0.7491719772844958
BWA,BorgWarner,Consumer Discretionary,Automotive Parts & Equipment,"Auburn Hills, Michigan",2011-12-19,908255,1880,0.7142421604103819
BXP,Boston Properties,Real Estate,Office REITs,"Boston, Massachusetts",2006-04-03,1037540,1970,0.6842625413621025
C,Citigroup,Financials,Diversified Banks,"New York City, New York",1988-05-31,831001,1998,-0.4901038261844375
CAG,Conagra Brands,Consumer Staples,Packaged Foods & Meats,"Chicago, Illinois",1983-08-31,23217,1919,0.901050621270303
CAH,Cardinal Health,Health Care,Health Care Distributors,"Dublin, Ohio",1997-05-27,721371,1971,0.7405244687772307
CAT,Caterpillar Inc.,Industrials,Construction Machinery & Heavy Transportation Equipment,"Irving, Texas",1957-03-04,18230,1925,0.9606505926519073
CB,Chubb Limited,Financials,Property & Casualty Insurance,"Zurich, Switzerland",2010-07-15,896159,1985,0.9666309507379792
CBRE,CBRE Group,Real Estate,Real Estate Services,"Dallas, Texas",2006-11-10,1138118,1906,0.9548857533908823
CCL,Carnival,Consumer Discretionary,"Hotels, Resorts & Cruise Lines","Miami, Florida",1998-12-22,815097,1972,0.05910289343737525
CF,CF Industries,Materials,Fertilizers & Agricultural Chemicals,"Deerfield, Illinois",2008-08-27,1324404,1946,0.8614477353764711
CHRW,C.H. Robinson,Industrials,Air Freight & Logistics,"Eden Prairie, Minnesota",2007-03-02,1043277,1905,0.8914988634845782
CI,Cigna,Health Care,Managed Health Care,"Bloomfield, Connecticut",1976-06-30,1739940,1982,0.9620669929841914
CINF,Cincinnati Financial,Financials,Property & Casualty Insurance,"Fairfield, Ohio",1997-12-18,20286,1950,0.9725791413102928
CL,Colgate-Palmolive,Consumer Staples,Household Products,"New York City, New York",1957-03-04,21665,1806,0.9135974456850435
CLX,Clorox,Consumer Staples,Household Products,"Oakland, California",1969-03-31,21076,1913,0.9288285535975477
CMA,Comerica,Financials,Diversified Banks,"Dallas, Texas",1995-12-01,28412,1849,0.8121433824465558
CMCSA,Comcast,Communication Services,Cable & Satellite,"Philadelphia, Pennsylvania",2002-11-19,1166691,1963,0.9528025851151652
CME,CME Group,Financials,Financial Exchanges & Data,"Chicago, Illinois",2006-08-11,1156375,1848,0.956089913604751
CMG,Chipotle Mexican Grill,Consumer Discretionary,Restaurants,"Newport Beach, California",2011-04-28,1058090,1993,0.9508349405493457
CMI,Cummins,Industrials,Industrial Machinery & Supplies & Components,"Columbus, Indiana",1965-03-31,26172,1919,0.9558192227713325
CMS,CMS Energy,Utilities,Multi-Utilities,"Jackson, Michigan",1957-03-04,811156,1886,0.9669340704039967
CNP,CenterPoint Energy,Utilities,Multi-Utilities,"Houston, Texas",1985-07-31,1130310,1882,0.8879501063959309
COF,Capital One,Financials,Consumer Finance,"Tysons Corner, Virginia",1998-07-01,927628,1994,0.8983493969810815
COP,ConocoPhillips,Energy,Oil & Gas Exploration & Production,"Houston, Texas",1957-03-04,1163165,2002,0.819461544320025
COR,Cencora,Health Care,Health Care Distributors,"Conshohocken, Pennsylvania",2001-08-30,1140859,1985,0.9446487784911062
COST,Costco,Consumer Staples,Consumer Staples Merchandise Retail,"Issaquah, Washington",1993-10-01,909832,1976,0.9783064219383574
CPB,Campbell Soup Company,Consumer Staples,Packaged Foods & Meats,"Camden, New Jersey",1957-03-04,16732,1869,0.8352746412703156
CRM,Salesforce,Information Technology,Application Software,"San Francisco, California",2008-09-15,1108524,1999,0.9677929400929993
CSCO,Cisco,Information Technology,Communications Equipment,"San Jose, California",1993-12-01,858877,1984,0.8670946750064445
CSX,CSX,Industrials,Rail Transportation,"Jacksonville, Florida",1957-03-04,277948,1980,0.9848253684283195
CTAS,Cintas,Industrials,Diversified Support Services,"Mason, Ohio",2001-03-01,723254,1929,0.9702943449348331
CTRA,Coterra,Energy,Oil & Gas Exploration & Production,"Houston, Texas",2008-06-23,858470,2021 (1989),0.6565841796646813
CTSH,Cognizant,Information Technology,IT Consulting & Other Services,"Teaneck, New Jersey",2006-11-17,1058290,1994,0.8750553672242343
CVS,CVS Health,Health Care,Health Care Services,"Woonsocket, Rhode Island",1957-03-04,64803,1996,0.842207107161247
CVX,Chevron Corporation,Energy,Integrated Oil & Gas,"San Ramon, California",1957-03-04,93410,1879,0.8771512074185317
DE,John Deere,Industrials,Agricultural & Farm Machinery,"Moline, Illinois",1957-03-04,315189,1837,0.9565205284094083
DFS,Discover Financial,Financials,Consumer Finance,"Riverwoods, Illinois",2007-07-02,1393612,1985,0.9586027270370598
DGX,Quest Diagnostics,Health Care,Health Care Services,"Secaucus, New Jersey",2002-12-12,1022079,1967,0.9690662169545479
DHI,D.R. Horton,Consumer Discretionary,Homebuilding,"Arlington, Texas",2005-06-22,882184,1978,0.9515651561855605
DHR,Danaher Corporation,Health Care,Health Care Equipment,"Washington, D.C.",1998-11-18,313616,1969,0.9778553811094693
DIS,Disney,Communication Services,Movies & Entertainment,"Burbank, California",1976-06-30,1744489,1923,0.8939807723326525
DLTR,Dollar Tree,Consumer Staples,Consumer Staples Merchandise Retail,"Chesapeake, Virginia",2011-12-19,935703,1986,0.9366817872202626
DOV,Dover Corporation,Industrials,Industrial Machinery & Supplies & Components,"Downers Grove, Illinois",1985-10-31,29905,1955,0.9903586699250015
DRI,Darden Restaurants,Consumer Discretionary,Restaurants,"Orlando, Florida",1995-05-31,940944,1938,0.9752597893574466
DTE,DTE Energy,Utilities,Multi-Utilities,"Detroit, Michigan",1957-03-04,936340,1995,0.971839978755979
DUK,Duke Energy,Utilities,Electric Utilities,"Charlotte, North Carolina",1976-06-30,1326160,1904,0.9639619069143391
DVA,DaVita Inc.,Health Care,Health Care Facilities,"Denver, Colorado",2008-07-31,927066,1979,0.8849316673802127
DVN,Devon Energy,Energy,Oil & Gas Exploration & Production,"Oklahoma City, Oklahoma",2000-08-30,1090012,1971,0.04152444813078616
EA,Electronic Arts,Communication Services,Interactive Home Entertainment,"Redwood City, California",2002-07-22,712515,1982,0.8941603139294455
EBAY,eBay,Consumer Discretionary,Broadline Retail,"San Jose, California",2002-07-22,1065088,1995,0.9502405320457743
ECL,Ecolab,Materials,Specialty Chemicals,"Saint Paul, Minnesota",1989-01-31,31462,1923,0.9440282142520373
ED,Consolidated Edison,Utilities,Electric Utilities,"New York City, New York",1957-03-04,1047862,1823,0.9308645966322129
EFX,Equifax,Industrials,Research & Consulting Services,"Atlanta, Georgia",1997-06-19,33185,1899,0.980432909104762
EIX,Edison International,Utilities,Electric Utilities,"Rosemead, California",1957-03-04,827052,1886,0.868760016031533
EL,Estée Lauder Companies (The),Consumer Staples,Personal Care Products,"New York City, New York",2006-01-05,1001250,1946,0.9694261702596344
ELV,Elevance Health,Health Care,Managed Health Care,"Indianapolis, Indiana",2002-07-25,1156039,2014 (1946),0.9728020064468622
EMN,Eastman Chemical Company,Materials,Diversified Chemicals,"Kingsport, Tennessee",1994-01-01,915389,1920,0.916150193337225
EMR,Emerson Electric,Industrials,Electrical Components & Equipment,"Ferguson, Missouri",1965-03-31,32604,1890,0.960666916520528
EOG,EOG Resources,Energy,Oil & Gas Exploration & Production,"Houston, Texas",2000-11-02,821189,1999,0.7974272187161396
EQR,Equity Residential,Real Estate,Multi-Family Residential REITs,"Chicago, Illinois",2001-12-03,906107,1969,0.9082071080916696
ES,Eversource,Utilities,Multi-Utilities,"Hartford, Connecticut",2009,72741,1966,0.9605852142629885
ETN,Eaton Corporation,Industrials,Electrical Components & Equipment,"Dublin, Ireland",1957-03-04,1551182,1911,0.9699780431874367
ETR,Entergy,Utilities,Electric Utilities,"New Orleans, Louisiana",1957-03-04,65984,1913,0.9139169915441233
EW,Edwards Lifesciences,Health Care,Health Care Equipment,"Irvine, California",2011-04-01,1099800,1958,0.9748035085176426
EXC,Exelon,Utilities,Multi-Utilities,"Chicago, Illinois",1957-03-04,1109357,2000,0.7766980876453381
EXPD,Expeditors International,Industrials,Air Freight & Logistics,"Seattle, Washington",2007-10-10,746515,1979,0.9640708088022444
EXPE,Expedia Group,Consumer Discretionary,"Hotels, Resorts & Cruise Lines","Seattle, Washington",2007-10-02,1324424,1996,0.8725275444029333
F,Ford Motor Company,Consumer Discretionary,Automobile Manufacturers,"Dearborn, Michigan",1957-03-04,37996,1903,0.4262551250931176
FAST,Fastenal,Industrials,Building Products,"Winona, Minnesota",2008-09-15,815556,1967,0.9765588646086786
FDX,FedEx,Industrials,Air Freight & Logistics,"Memphis, Tennessee",1980-12-31,1048911,1971,0.9075196874405767
FE,FirstEnergy,Utilities,Electric Utilities,"Akron, Ohio",1997-11-28,1031296,1997,0.7089599915379418
FFIV,"F5, Inc.",Information Technology,Communications Equipment,"Seattle, Washington",2010-12-20,1048695,1996,0.857920512366883
FI,Fiserv,Financials,Transaction & Payment Processing Services,"Brookfield, Wisconsin",2001-04-02,798354,1984,0.9684762638354127
FIS,FIS,Financials,Transaction & Payment Processing Services,"Jacksonville, Florida",2006-11-10,1136893,1968,0.8579403188995136
FITB,Fifth Third Bank,Financials,Regional Banks,"Cincinnati, Ohio",1996-03-29,35527,1858,0.3849186293635167
FMC,FMC Corporation,Materials,Fertilizers & Agricultural Chemicals,"Philadelphia, Pennsylvania",2009-08-19,37785,1883,0.956575304935899
GD,General Dynamics,Industrials,Aerospace & Defense,"Falls Church, Virginia",1957-03-04,40533,1899,0.9381289445522324
GE,General Electric,Industrials,Industrial Conglomerates,"Boston, Massachusetts",1957-03-04,40545,1892,-0.36607590382084815
GEN,Gen Digital,Information Technology,Application Software,"Tempe, Arizona",2003-03-25,849399,1982,0.9285333377758975
GILD,Gilead Sciences,Health Care,Biotechnology,"Foster City, California",2004-07-01,882095,1987,0.790637795538715
GIS,General Mills,Consumer Staples,Packaged Foods & Meats,"Golden Valley, Minnesota",1957-03-04,40704,1856,0.9199715063750651
GL,Globe Life,Financials,Life & Health Insurance,"McKinney, Texas",1989-04-30,320335,1900,0.9592468340032619
GLW,Corning Inc.,Information Technology,Electronic Components,"Corning, New York",1995-02-27,24741,1851,0.6289958975406887
GOOG,Alphabet Inc. (Class C),Communication Services,Interactive Media & Services,"Mountain View, California",2006-04-03,1652044,1998,0.9837055989238872
GPC,Genuine Parts Company,Consumer Discretionary,Automotive Parts & Equipment,"Atlanta, Georgia",1973-12-31,40987,1925,0.9478266801582103
GS,Goldman Sachs,Financials,Investment Banking & Brokerage,"New York City, New York",2002-07-22,886982,1869,0.9379580638217925
GWW,W. W. Grainger,Industrials,Industrial Machinery & Supplies & Components,"Lake Forest, Illinois",1981-06-30,277135,1927,0.9455284799316438
HAL,Halliburton,Energy,Oil & Gas Equipment & Services,"Houston, Texas",1957-03-04,45012,1919,0.3050841171998679
HAS,Hasbro,Consumer Discretionary,Leisure Products,"Pawtucket, Rhode Island",1984-09-30,46080,1923,0.8646183069254813
HBAN,Huntington Bancshares,Financials,Regional Banks,"Columbus, Ohio; Detroit, Michigan",1997-08-28,49196,1866,0.47721636689676805
HD,Home Depot (The),Consumer Discretionary,Home Improvement Retail,"Atlanta, Georgia",1988-03-31,354950,1978,0.9914682020281368
HES,Hess Corporation,Energy,Integrated Oil & Gas,"New York City, New York",1984-05-31,4447,1919,0.7045218279695894
HIG,Hartford (The),Financials,Property & Casualty Insurance,"Hartford, Connecticut",1957-03-04,874766,1810,0.5776631318313445
HON,Honeywell,Industrials,Industrial Conglomerates,"Charlotte, North Carolina",1957-03-04,773840,1906,0.9872338129917161
HPQ,HP Inc.,Information Technology,"Technology Hardware, Storage & Peripherals","Palo Alto, California",1974-12-31,47217,1939 (2015),0.8387141313226992
HRL,Hormel Foods,Consumer Staples,Packaged Foods & Meats,"Austin, Minnesota",2009-03-04,48465,1891,0.9376396564690515
HST,Host Hotels & Resorts,Real Estate,Hotel & Resort REITs,"Bethesda, Maryland",2007-03-20,1070750,1993,0.7279827856316174
HSY,Hershey's,Consumer Staples,Packaged Foods & Meats,"Hershey, Pennsylvania",1957-03-04,47111,1894,0.9611017083735509
HWM,Howmet Aerospace,Industrials,Aerospace & Defense,"Pittsburgh, Pennsylvania",1957-03-04,4281,2016,-0.3227767915078423
IBM,IBM,Information Technology,IT Consulting & Other Services,"Armonk, New York",1957-03-04,51143,1911,0.7123381969472534
ICE,Intercontinental Exchange,Financials,Financial Exchanges & Data,"Atlanta, Georgia",2007-09-26,1571949,2000,0.9787718778961745
IFF,International Flavors & Fragrances,Materials,Specialty Chemicals,"New York City, New York",1976-03-31,51253,1958 (1889),0.810547983197264
INTC,Intel,Information Technology,Semiconductors,"Santa Clara, California",1976-12-31,50863,1968,0.8237523526725451
INTU,Intuit,Information Technology,Application Software,"Mountain View, California",2000-12-05,896878,1983,0.9765010901967252
IP,International Paper,Materials,Paper & Plastic Packaging Products & Materials,"Memphis, Tennessee",1957-03-04,51434,1898,0.8557738241855025
IPG,Interpublic Group of Companies (The),Communication Services,Advertising,"New York City, New York",1992-10-01,51644,1961 (1930),0.7395312201188706
IRM,Iron Mountain,Real Estate,Other Specialized REITs,"Boston, Massachusetts",2009-01-06,1020569,1951,0.9453152939289057
ISRG,Intuitive Surgical,Health Care,Health Care Equipment,"Sunnyvale, California",2008-06-02,1035267,1995,0.9778367697857707
ITW,Illinois Tool Works,Industrials,Industrial Machinery & Supplies & Components,"Glenview, Illinois",1986-02-28,49826,1912,0.9909976889769373
IVZ,Invesco,Financials,Asset Management & Custody Banks,"Atlanta, Georgia",2008-08-21,914208,1935,0.447794461111558
J,Jacobs Solutions,Industrials,Construction & Engineering,"Dallas, Texas",2007-10-26,52988,1947,0.9097858812403649
JCI,Johnson Controls,Industrials,Building Products,"Cork, Ireland",2010-08-27,833444,1885,0.9427840516281125
JNJ,Johnson & Johnson,Health Care,Pharmaceuticals,"New Brunswick, New Jersey",1973-06-30,200406,1886,0.9769667937201353
JNPR,Juniper Networks,Information Technology,Communications Equipment,"Sunnyvale, California",2006-06-02,1043604,1996,0.028515974703548847
JPM,JPMorgan Chase,Financials,Diversified Banks,"New York City, New York",1975-06-30,19617,2000 (1799 / 1871),0.9851825824499642
K,Kellogg's,Consumer Staples,Packaged Foods & Meats,"Battle Creek, Michigan",1989-09-11,55067,1906,0.8518487608873678
KEY,KeyCorp,Financials,Regional Banks,"Cleveland, Ohio",1994-03-01,91576,1825,0.31720575389562755
KIM,Kimco Realty,Real Estate,Retail REITs,"New Hyde Park, New York",2006-04-04,879101,1958,0.6093699739317339
KLAC,KLA Corporation,Information Technology,Semiconductor Materials & Equipment,"Milpitas, California",1997-09-30,319201,1975/1977 (1997),0.938371872080964
KMB,Kimberly-Clark,Consumer Staples,Household Products,"Irving, Texas",1957-03-04,55785,1872,0.9331771839856476
KMX,CarMax,Consumer Discretionary,Automotive Retail,"Richmond, Virginia",2010-06-28,1170010,1993,0.9225942310034069
KO,Coca-Cola Company (The),Consumer Staples,Soft Drinks & Non-alcoholic Beverages,"Atlanta, Georgia",1957-03-04,21344,1886,0.9632139151316423
KR,Kroger,Consumer Staples,Food Retail,"Cincinnati, Ohio",1957-03-04,56873,1883,0.9284499581496115
L,Loews Corporation,Financials,Multi-line Insurance,"New York City, New York",1995-05-31,60086,1959,0.7894761036301345
LEN,Lennar,Consumer Discretionary,Homebuilding,"Miami, Florida",2005-10-04,920760,1954,0.895384679852739
LH,LabCorp,Health Care,Health Care Services,"Burlington, North Carolina",2004-11-01,920148,1978,0.9718973365990774
LHX,L3Harris,Industrials,Aerospace & Defense,"Melbourne, Florida",2008-09-22,202058,2019 (1895),0.9720577500217513
LIN,Linde plc,Materials,Industrial Gases,"Guildford, United Kingdom",1992-07-01,1707925,1879,0.9061726750540608
LLY,Eli Lilly and Company,Health Care,Pharmaceuticals,"Indianapolis, Indiana",1970-12-31,59478,1876,0.8798049506364576
LMT,Lockheed Martin,Industrials,Aerospace & Defense,"Bethesda, Maryland",1957-03-04,936468,1995,0.9661296091048198
LOW,Lowe's,Consumer Discretionary,Home Improvement Retail,"Mooresville, North Carolina",1984-02-29,60667,1904/1946/1959,0.9834610165569223
LUV,Southwest Airlines,Industrials,Passenger Airlines,"Dallas, Texas",1994-07-01,92380,1967,0.7793085149386826
MA,Mastercard,Financials,Transaction & Payment Processing Services,"Harrison, New York",2008-07-18,1141391,1966,0.9831147947988174
MAR,Marriott International,Consumer Discretionary,"Hotels, Resorts & Cruise Lines","Bethesda, Maryland",1998-05-29,1048286,1927,0.9683993185162219
MAS,Masco,Industrials,Building Products,"Livonia, Michigan",1981-06-30,62996,1929,0.9593704223428525
MCD,McDonald's,Consumer Discretionary,Restaurants,"Chicago, Illinois",1970-06-30,63908,1940,0.9791042992675258
MCHP,Microchip Technology,Information Technology,Semiconductors,"Chandler, Arizona",2007-09-07,827054,1989,0.986774142292723
MCK,McKesson,Health Care,Health Care Distributors,"Irving, Texas",1999-01-13,927653,1833,0.8726560969549009
MCO,Moody's Corporation,Financials,Financial Exchanges & Data,"New York City, New York",1998-07-01,1059556,1909,0.9853116682885431
MDT,Medtronic,Health Care,Health Care Equipment,"Dublin, Ireland",1986-10-31,1613103,1949,0.939075534837558
MET,MetLife,Financials,Life & Health Insurance,"New York City, New York",2000-12-11,1099219,1868,0.9183235462123237
MKC,McCormick & Company,Consumer Staples,Packaged Foods & Meats,"Hunt Valley, Maryland",2003-03-20,63754,1889,0.9670859308513399
MMC,Marsh McLennan,Financials,Insurance Brokers,"New York City, New York",1987-08-31,62709,1905,0.973418928039848
MMM,3M,Industrials,Industrial Conglomerates,"Saint Paul, Minnesota",1957-03-04,66740,1902,0.8086106709984521
MO,Altria,Consumer Staples,Tobacco,"Richmond, Virginia",1957-03-04,764180,1985,0.8620429847124426
MOS,Mosaic Company (The),Materials,Fertilizers & Agricultural Chemicals,"Tampa, Florida",2011-09-26,1285785,2004 (1865 / 1909),0.17417961274451194
MPC,Marathon Petroleum,Energy,Oil & Gas Refining & Marketing,"Findlay, Ohio",2011-07-01,1510295,2009 (1887),0.8989692637381897
MRK,Merck & Co.,Health Care,Pharmaceuticals,"Kenilworth, New Jersey",1957-03-04,310158,1891,0.9478747100173784
MRO,Marathon Oil,Energy,Oil & Gas Exploration & Production,"Houston, Texas",1957-03-04,101778,1887,0.20336001040432022
MS,Morgan Stanley,Financials,Investment Banking & Brokerage,"New York City, New York",1993-07-29,895421,1935,0.8240530084749099
MSFT,Microsoft,Information Technology,Systems Software,"Redmond, Washington",1994-06-01,789019,1975,0.9622900665329761
MSI,Motorola Solutions,Information Technology,Communications Equipment,"Chicago, Illinois",1957-03-04,68505,1928 (2011),0.7763559369762836
MTB,M&T Bank,Financials,Regional Banks,"Buffalo, New York",2004-02-23,36270,1856,0.8740950720531219
MU,Micron Technology,Information Technology,Semiconductors,"Boise, Idaho",1994-09-27,723125,1978,0.8016865750329163
NDAQ,"Nasdaq, Inc.",Financials,Financial Exchanges & Data,"New York City, New York",2008-10-22,1120193,1971,0.9784695474162477
NEE,NextEra Energy,Utilities,Multi-Utilities,"Juno Beach, Florida",1976-06-30,753308,1984 (1925),0.9831631666897125
NEM,Newmont,Materials,Gold,"Denver, Colorado",1969-06-30,1164727,1921,0.5759520185912068
NFLX,Netflix,Communication Services,Movies & Entertainment,"Los Gatos, California",2010-12-20,1065280,1997,0.9222812751082278
NI,NiSource,Utilities,Multi-Utilities,"Merrillville, Indiana",2000-11-02,1111711,1912,0.9396421498679461
NKE,"Nike, Inc.",Consumer Discretionary,"Apparel, Accessories & Luxury Goods","Washington County, Oregon",1988-11-30,320187,1964,0.9768928531168604
NOC,Northrop Grumman,Industrials,Aerospace & Defense,"West Falls Church, Virginia",1957-03-04,1133421,"1994 (Northrop 1939, Grumman 1930)",0.9654977989813426
NRG,NRG Energy,Utilities,Independent Power Producers & Energy Traders,"Houston, Texas",2010-01-29,1013871,1992,0.728137302399383
NSC,Norfolk Southern Railway,Industrials,Rail Transportation,"Atlanta, Georgia",1957-03-04,702165,1881/1894 (1980),0.9823887005944913
NTAP,NetApp,Information Technology,"Technology Hardware, Storage & Peripherals","San Jose, California",1999-06-25,1002047,1992,0.7895253107912572
NTRS,Northern Trust,Financials,Asset Management & Custody Banks,"Chicago, Illinois",1998-01-30,73124,1889,0.9258126453628076
NUE,Nucor,Materials,Steel,"Charlotte, North Carolina",1985-04-30,73309,1940,0.8812438974638762
NVDA,Nvidia,Information Technology,Semiconductors,"Santa Clara, California",2001-11-30,1045810,1993,0.8633772265536355
OKE,ONEOK,Energy,Oil & Gas Storage & Transportation,"Tulsa, Oklahoma",2010-03-15,1039684,1906,0.91712176012122
OMC,Omnicom Group,Communication Services,Advertising,"New York City, New York",1997-12-31,29989,1986,0.8954827780364061
ORCL,Oracle Corporation,Information Technology,Application Software,"Austin, Texas",1989-08-31,1341439,1977,0.9615285863185428
ORLY,O'Reilly Auto Parts,Consumer Discretionary,Automotive Retail,"Springfield, Missouri",2009-03-27,898173,1957,0.9660408555765844
OXY,Occidental Petroleum,Energy,Oil & Gas Exploration & Production,"Houston, Texas",1957-03-04,797468,1920,0.3430217827302874
PARA,Paramount Global,Communication Services,Movies & Entertainment,"New York City, New York",1994-09-30,813828,2019 (1952),0.5239692550001982
PAYX,Paychex,Industrials,Human Resource & Employment Services,"Penfield, New York",1998-10-01,723531,1971,0.9849824955727949
PCAR,Paccar,Industrials,Construction Machinery & Heavy Transportation Equipment,"Bellevue, Washington",1980-12-31,75362,1905,0.9491198181139384
PEAK,Healthpeak,Real Estate,Health Care REITs,"Long Beach, California",2008-03-31,765880,1985,0.692091805725075
PEG,Public Service Enterprise Group,Utilities,Electric Utilities,"Newark, New Jersey",1957-03-04,788784,1903,0.9625531337816978
PEP,PepsiCo,Consumer Staples,Soft Drinks & Non-alcoholic Beverages,"Purchase, New York",1957-03-04,77476,1898,0.9804466046798931
PFE,Pfizer,Health Care,Pharmaceuticals,"New York City, New York",1957-03-04,78003,1849,0.942626075123775
PFG,Principal Financial Group,Financials,Life & Health Insurance,"Des Moines, Iowa",2002-07-22,1126328,1879,0.873199178809026
PG,Procter & Gamble,Consumer Staples,Personal Care Products,"Cincinnati, Ohio",1957-03-04,80424,1837,0.9762440762333606
PGR,Progressive Corporation,Financials,Property & Casualty Insurance,"Mayfield Village, Ohio",1997-08-04,80661,1937,0.960978197954916
PH,Parker Hannifin,Industrials,Industrial Machinery & Supplies & Components,"Cleveland, Ohio",1985-11-30,76334,1917,0.9806329060075479
PHM,PulteGroup,Consumer Discretionary,Homebuilding,"Atlanta, Georgia",1984-04-30,822416,1956,0.8354165308469043
PLD,Prologis,Real Estate,Industrial REITs,"San Francisco, California",2003-07-17,1045609,1983,0.9721022135946354
PM,Philip Morris International,Consumer Staples,Tobacco,"New York City, New York",2008-03-31,1413329,2008 (1847),0.8620616747381682
PNC,PNC Financial Services,Financials,Regional Banks,"Pittsburgh, Pennsylvania",1988-04-30,713676,1845,0.9657717392091109
PNW,Pinnacle West,Utilities,Multi-Utilities,"Phoenix, Arizona",1999-10-04,764622,1985,0.9063168831495912
PPG,PPG Industries,Materials,Specialty Chemicals,"Pittsburgh, Pennsylvania",1957-03-04,79879,1883,0.9425935547376035
PPL,PPL Corporation,Utilities,Electric Utilities,"Allentown, Pennsylvania",2001-10-01,922224,1920,0.7979434439670973
PRU,Prudential Financial,Financials,Life & Health Insurance,"Newark, New Jersey",2002-07-22,1137774,1875,0.8611755220867927
PSA,Public Storage,Real Estate,Self-Storage REITs,"Glendale, California",2005-08-19,1393311,1972,0.9560255025726294
PWR,Quanta Services,Industrials,Construction & Engineering,"Houston, Texas",2009-07-01,1050915,1997,0.8512782263115412
PXD,Pioneer Natural Resources,Energy,Oil & Gas Exploration & Production,"Irving, Texas",2008-09-24,1038357,1997,0.8190984691898235
QCOM,Qualcomm,Information Technology,Semiconductors,"San Diego, California",1999-07-22,804328,1985,0.9431918719921565
RF,Regions Financial Corporation,Financials,Regional Banks,"Birmingham, Alabama",1998-08-28,1281761,1971,0.3529012220163016
RHI,Robert Half,Industrials,Human Resource & Employment Services,"Menlo Park, California",2000-12-05,315213,1948,0.9589275735730971
RL,Ralph Lauren Corporation,Consumer Discretionary,"Apparel, Accessories & Luxury Goods","New York City, New York",2007-02-02,1037038,1967,0.5478226081377138
ROP,Roper Technologies,Information Technology,Electronic Equipment & Instruments,"Sarasota, Florida",2009-12-23,882835,1981,0.9873571148361004
ROST,Ross Stores,Consumer Discretionary,Apparel Retail,"Dublin, California",2009-12-21,745732,1982,0.956358578049565
RSG,Republic Services,Industrials,Environmental & Facilities Services,"Phoenix, Arizona",2008-12-05,1060391,1998 (1981),0.9813009537213909
RTX,RTX Corporation,Industrials,Aerospace & Defense,"Waltham, Massachusetts",1957-03-04,101829,1922,0.9640101878273765
RVTY,Revvity,Health Care,Health Care Equipment,"Waltham, Massachusetts",1985-05-31,31791,1937,0.9783162044029585
SBUX,Starbucks,Consumer Discretionary,Restaurants,"Seattle, Washington",2000-06-07,829224,1971,0.9751831071377528
SCHW,Charles Schwab Corporation,Financials,Investment Banking & Brokerage,"Westlake, Texas",1997-06-02,316709,1971,0.9530214657365479
SEE,Sealed Air,Materials,Paper & Plastic Packaging Products & Materials,"Charlotte, North Carolina",1957-03-04,1012100,1960,0.8915012361668065
SHW,Sherwin-Williams,Materials,Specialty Chemicals,"Cleveland, Ohio",1964-06-30,89800,1866,0.9909141178558273
SJM,J.M. Smucker Company (The),Consumer Staples,Packaged Foods & Meats,"Orrville, Ohio",2008-11-06,91419,1897,0.8990544198161681
SLB,Schlumberger,Energy,Oil & Gas Equipment & Services,"Houston, Texas",1957-03-04,87347,1926,0.09512561073501097
SNA,Snap-on,Industrials,Industrial Machinery & Supplies & Components,"Kenosha, Wisconsin",1982-09-30,91440,1920,0.959642181835727
SO,Southern Company,Utilities,Electric Utilities,"Atlanta, Georgia",1957-03-04,92122,1945,0.9542888062717397
SPG,Simon Property Group,Real Estate,Retail REITs,"Indianapolis, Indiana",2002-06-26,1063761,2003,0.7024776858544679
SPGI,S&P Global,Financials,Financial Exchanges & Data,"New York City, New York",1957-03-04,64040,1917,0.9832767926374961
SRE,Sempra Energy,Utilities,Multi-Utilities,"San Diego, California",2001?,1032208,1998,0.9496704581104743
STT,State Street Corporation,Financials,Asset Management & Custody Banks,"Boston, Massachusetts",2003-03-14,93751,1792,0.8401551166288547
STZ,Constellation Brands,Consumer Staples,Distillers & Vintners,"Victor, New York",2005-07-01,16918,1945,0.9530852197771752
SWK,Stanley Black & Decker,Industrials,Industrial Machinery & Supplies & Components,"New Britain, Connecticut",1982-09-30,93556,1843,0.8612299019723691
SYK,Stryker Corporation,Health Care,Health Care Equipment,"Kalamazoo, Michigan",2000-12-12,310764,1941,0.9852180445331874
SYY,Sysco,Consumer Staples,Food Distributors,"Houston, Texas",1986-12-31,96021,1969,0.9666858201096967
T,AT&T,Communication Services,Integrated Telecommunication Services,"Dallas, Texas",1983-11-30,732717,1983 (1885),0.7744949368211329
TAP,Molson Coors Beverage Company,Consumer Staples,Brewers,"Chicago, Illinois",1976-06-30,24545,"2005 (Molson 1786, Coors 1873)",0.5788198150891201
TEL,TE Connectivity,Information Technology,Electronic Manufacturing Services,"Schaffhausen, Switzerland",2011-10-17,1385157,2007,0.9789085834597095
TFC,Truist,Financials,Regional Banks,"Charlotte, North Carolina",1997-12-04,92230,1872,0.900964478175426
TGT,Target Corporation,Consumer Staples,Consumer Staples Merchandise Retail,"Minneapolis, Minnesota",1976-12-31,27419,1902,0.9319466966695407
TJX,TJX Companies,Consumer Discretionary,Apparel Retail,"Framingham, Massachusetts",1985-09-30,109198,1987,0.9754357952504827
TMO,Thermo Fisher Scientific,Health Care,Life Sciences Tools & Services,"Waltham, Massachusetts",2004-08-03,97745,2006 (1902),0.9827418484319981
TPR,"Tapestry, Inc.",Consumer Discretionary,"Apparel, Accessories & Luxury Goods","New York City, New York",2004-09-01,1116132,2017,0.46087874789009015
TRV,Travelers Companies (The),Financials,Property & Casualty Insurance,"New York City, New York",2002-08-21,86312,1853,0.9647340058337811
TSN,Tyson Foods,Consumer Staples,Packaged Foods & Meats,"Springdale, Arkansas",2005-08-10,100493,1935,0.9136409440495215
TT,Trane Technologies,Industrials,Building Products,"Dublin, Ireland",2010-11-17,1466258,1871,0.9875211677649713
TXT,Textron,Industrials,Aerospace & Defense,"Providence, Rhode Island",1978-12-31,217346,1923,0.8155624264841992
UNH,UnitedHealth Group,Health Care,Managed Health Care,"Minnetonka, Minnesota",1994-07-01,731766,1977,0.9763583844514611
UNP,Union Pacific Corporation,Industrials,Rail Transportation,"Omaha, Nebraska",1957-03-04,100885,1862,0.9863968472135316
UPS,United Parcel Service,Industrials,Air Freight & Logistics,"Sandy Springs, Georgia",2002-07-22,1090727,1907,0.9789241550913536
V,Visa Inc.,Financials,Transaction & Payment Processing Services,"San Francisco, California",2009-12-21,1403161,1958,0.9823790082922147
VFC,VF Corporation,Consumer Discretionary,"Apparel, Accessories & Luxury Goods","Denver, Colorado",1979-06-30,103379,1899,0.7457258289162858
VLO,Valero Energy,Energy,Oil & Gas Refining & Marketing,"San Antonio, Texas",2002-12-20,1035002,1980,0.8915428376354354
VMC,Vulcan Materials Company,Materials,Construction Materials,"Birmingham, Alabama",1999-06-30,1396009,1909,0.956279700654961
VRSN,Verisign,Information Technology,Internet Services & Infrastructure,"Dulles, Virginia",2006-02-01,1014473,1995,0.9092224465870821
VTR,Ventas,Real Estate,Health Care REITs,"Chicago, Illinois",2009-03-04,740260,1998,0.7920588579377275
VTRS,Viatris,Health Care,Pharmaceuticals,"Pittsburgh, Pennsylvania",2004-04-23,1792044,1961,0.7857662015867053
VZ,Verizon,Communication Services,Integrated Telecommunication Services,"New York City, New York",1983-11-30,732712,1983 (1877),0.8805614123249067
WAT,Waters Corporation,Health Care,Life Sciences Tools & Services,"Milford, Massachusetts",2002-01-02,1000697,1958,0.9798853805753445
WBA,Walgreens Boots Alliance,Consumer Staples,Drug Retail,"Deerfield, Illinois",1979-12-31,1618921,2014,0.5023069969685485
WDC,Western Digital,Information Technology,"Technology Hardware, Storage & Peripherals","San Jose, California",2009-07-01,106040,1970,0.6126768435319714
WEC,WEC Energy Group,Utilities,Electric Utilities,"Milwaukee, Wisconsin",2008-10-31,783325,1896,0.9678499460732944
WELL,Welltower,Real Estate,Health Care REITs,"Toledo, Ohio",2009-01-30,766704,1970,0.907439594308412
WFC,Wells Fargo,Financials,Diversified Banks,"San Francisco, California",1976-06-30,72971,1852,0.7770711830845829
WMB,Williams Companies,Energy,Oil & Gas Storage & Transportation,"Tulsa, Oklahoma",1975-03-31,107263,1908,0.7584361479922144
WMT,Walmart,Consumer Staples,Consumer Staples Merchandise Retail,"Bentonville, Arkansas",1982-08-31,104169,1962,0.9767864195414487
WRK,WestRock,Materials,Paper & Plastic Packaging Products & Materials,"Atlanta, Georgia",1957-03-04,1732845,2015,0.8260563667223972
WYNN,Wynn Resorts,Consumer Discretionary,Casinos & Gaming,"Paradise, Nevada",2008-11-14,1174922,2002,0.5459500352993862
XEL,Xcel Energy,Utilities,Multi-Utilities,"Minneapolis, Minnesota",1957-03-04,72903,1909,0.9733630589866858
XOM,ExxonMobil,Energy,Integrated Oil & Gas,"Irving, Texas",1957-03-04,34088,1999,0.7139224985724683
XRAY,Dentsply Sirona,Health Care,Health Care Supplies,"Charlotte, North Carolina",2008-11-14,818479,2016 (1969),0.6457552212026434
XYL,Xylem Inc.,Industrials,Industrial Machinery & Supplies & Components,"White Plains, New York",2011-11-01,1524472,2011,0.9773045816951601
YUM,Yum! Brands,Consumer Discretionary,Restaurants,"Louisville, Kentucky",1997-10-06,1041061,1997,0.9755079934865594
ZBH,Zimmer Biomet,Health Care,Health Care Equipment,"Warsaw, Indiana",2001-08-07,1136869,1927,0.8407116714799978
ZION,Zions Bancorporation,Financials,Regional Banks,"Salt Lake City, Utah",2001-06-22,109380,1873,0.3152079124708524
